{"app_id":40,"app_name":"Monkey Stories","app_ver":1,"common_resource":{"path_common":"http:\/\/platformv1.monkeyjunior.com\/live\/source-app\/COMMON_RESOURCE_40.zip","version_common":8},"is_licence":true,"country_code":"vi-VN","group_server":[12],"lang":[{"code":"vi-VN","name":{"vi-VN":"Ti\u1ebfng Vi\u1ec7t","en-US":"Ti\u1ebfng Anh"}},{"code":"en-US","name":{"vi-VN":"Vietnamese","en-US":"English"}}],"use_url":"https:\/\/www.monkeyuni.net","authen_device":false,"product_list":[{"tienao":0,"giam40":0,"giam30":0,"product_id":"com.earlystart.stories.1month","product_name":"G\u00f3i s\u1eed d\u1ee5ng 1 th\u00e1ng","product_description":"G\u00f3i h\u1ecdc : 1 th\u00e1ng","product_code":"stories","saleoff":40},{"tienao":664000,"giam40":399000,"giam30":0,"product_id":"com.earlystart.stories.6month","product_name":"G\u00f3i s\u1eed d\u1ee5ng 6 th\u00e1ng","product_description":"G\u00f3i h\u1ecdc : 6 th\u00e1ng","product_code":"stories","saleoff":40},{"tienao":832000,"giam40":499000,"giam30":0,"product_id":"com.earlystart.stories.1year","product_name":"G\u00f3i s\u1eed d\u1ee5ng 1 n\u0103m","product_description":"G\u00f3i h\u1ecdc : 1 n\u0103m","product_code":"stories","saleoff":40},{"tienao":2499000,"giam40":1499000,"giam30":0,"product_id":"com.earlystart.stories.lifetime","product_name":"G\u00f3i s\u1eed d\u1ee5ng tr\u1ecdn \u0111\u1eddi","product_description":"G\u00f3i h\u1ecdc : tr\u1ecdn \u0111\u1eddi","product_code":"stories","saleoff":40}],"pay_use_url":"http:\/\/truyentranh.monkeystories.vn\/lp5-app\/?utm_source=App&utm_medium=App_Mai_MS&utm_campaign=BangGiaAppMS","redirect_uri":"https:\/\/api.monkeyuni.net\/api\/redirect-uri?uri=","coupon_code":"STORIES","list_api_use":{"api_ver_audio_book":1577508881,"api_ver_story":1577689907},"game_list":{"version_game_number":1868,"list":[]},"categories_list":[{"id":84,"name":"Pre K","parent_id":0,"language_id":1,"order_by":0},{"id":216,"name":"Kindergarten","parent_id":0,"language_id":1,"order_by":0},{"id":217,"name":"Grade 1","parent_id":0,"language_id":1,"order_by":0},{"id":375,"name":"Grade 2","parent_id":0,"language_id":1,"order_by":0},{"id":472,"name":"test","parent_id":0,"language_id":4,"order_by":0},{"id":479,"name":"MP - Grade K","parent_id":0,"language_id":1,"order_by":0},{"id":480,"name":"MP - Grade 1","parent_id":0,"language_id":1,"order_by":0},{"id":481,"name":"MP - Grade 2","parent_id":0,"language_id":1,"order_by":0}],"lesson_list":{"version_lesson_number":4302,"list_remove":[],"list":[]},"free_skill":[],"current_lesson":[25,122,151,66,117,67,171,123,116,124,109,148,110,30,118,178,184,179,152,31,68,114,141,69,32,70,33,119,34,71,145,160,134,154,149,120,185,180,111,150,161,72,139,112,155,162,125,113,181,35,128,36,135,37,168,164,38,153,39,170,40,136,166,41,159,137,157,43,44,156,169,45,173,165,46,174,47,48,176,103,49,50,121,133,177,73,74,51,52,131,186,77,76,143,142,53,837,838,839,539,529,540,541,530,616,617,618,619,584,54,621,622,175,55,138,56,623,624,780,626],"database_version":1,"is_submit":false,"is_skip":false,"feature_phonics":false}