{"user_info":[{"description":"","setting_js":"{\"settingpoint\" : true}","avatar":"avatar 1.png","gender":1,"age":4,"levelinfo_js":"{\"current_level_type_lang1\":1,\"current_level\":55}","id":52804,"user_name":"Jun"},{"id":55632,"user_name":"Quang Anh","gender":1,"age":5,"levelinfo_js":"{\"current_level\":55}","setting_js":"{\"settingpoint\" : true}","avatar":"avatar 1.png","description":""}],"lesson_status":[{"status":2,"level_id":142,"uid":1,"lesson_id":"142_1","total_star":5},{"lesson_id":"55_1","total_star":5,"status":2,"level_id":55,"uid":1},{"status":2,"level_id":55,"uid":1,"total_star":5,"lesson_id":"55_2"},{"status":2,"level_id":55,"uid":1,"total_star":5,"lesson_id":"55_3"},{"total_star":5,"lesson_id":"55_4","status":2,"level_id":55,"uid":1},{"total_star":5,"lesson_id":"55_5","status":2,"level_id":55,"uid":1},{"total_star":5,"lesson_id":"55_6","status":2,"level_id":55,"uid":1},{"total_star":5,"lesson_id":"55_7","status":2,"level_id":55,"uid":1},{"status":2,"level_id":55,"uid":1,"lesson_id":"55_8","total_star":5},{"status":2,"level_id":55,"uid":1,"lesson_id":"55_9","total_star":5},{"status":2,"level_id":55,"uid":1,"lesson_id":"55_10","total_star":5},{"status":2,"level_id":55,"uid":1,"lesson_id":"55_11","total_star":5},{"status":2,"level_id":55,"uid":1,"lesson_id":"55_12","total_star":5},{"status":2,"level_id":55,"uid":1,"lesson_id":"55_13","total_star":5},{"status":2,"level_id":55,"uid":1,"lesson_id":"55_14","total_star":5},{"status":2,"level_id":55,"uid":1,"lesson_id":"55_15","total_star":5},{"lesson_id":"55_16","total_star":5,"status":2,"level_id":55,"uid":1},{"lesson_id":"55_17","total_star":5,"status":2,"level_id":55,"uid":1},{"lesson_id":"55_18","total_star":5,"status":2,"level_id":55,"uid":1},{"lesson_id":"55_19","total_star":5,"status":2,"level_id":55,"uid":1},{"lesson_id":"55_20","total_star":5,"status":2,"level_id":55,"uid":1},{"lesson_id":"55_21","total_star":5,"status":2,"level_id":55,"uid":1},{"lesson_id":"55_22","total_star":5,"status":2,"level_id":55,"uid":1},{"lesson_id":"55_23","total_star":5,"status":2,"level_id":55,"uid":1},{"lesson_id":"55_24","total_star":5,"status":2,"level_id":55,"uid":1},{"lesson_id":"55_25","total_star":5,"status":2,"level_id":55,"uid":1},{"lesson_id":"55_26","total_star":5,"status":2,"level_id":55,"uid":1},{"lesson_id":"55_27","total_star":5,"status":2,"level_id":55,"uid":1},{"lesson_id":"55_28","total_star":5,"status":2,"level_id":55,"uid":1},{"lesson_id":"55_29","total_star":5,"status":2,"level_id":55,"uid":1},{"lesson_id":"55_30","total_star":5,"status":2,"level_id":55,"uid":1},{"lesson_id":"67_1","total_star":5,"status":2,"level_id":67,"uid":1},{"status":2,"level_id":67,"uid":1,"total_star":5,"lesson_id":"67_2"},{"status":2,"level_id":67,"uid":1,"total_star":5,"lesson_id":"67_3"},{"status":2,"level_id":67,"uid":1,"total_star":5,"lesson_id":"67_4"},{"status":2,"level_id":67,"uid":1,"total_star":5,"lesson_id":"67_5"},{"status":2,"level_id":67,"uid":1,"total_star":5,"lesson_id":"67_6"},{"status":2,"level_id":67,"uid":1,"total_star":5,"lesson_id":"67_7"},{"status":2,"level_id":67,"uid":1,"total_star":5,"lesson_id":"67_8"},{"status":2,"level_id":67,"uid":1,"total_star":5,"lesson_id":"67_9"},{"status":2,"level_id":67,"uid":1,"total_star":5,"lesson_id":"67_10"},{"status":2,"level_id":67,"uid":1,"total_star":5,"lesson_id":"67_11"},{"status":2,"level_id":67,"uid":1,"total_star":5,"lesson_id":"67_12"},{"status":2,"level_id":67,"uid":1,"total_star":5,"lesson_id":"67_13"},{"status":2,"level_id":67,"uid":1,"total_star":5,"lesson_id":"67_14"},{"status":2,"level_id":67,"uid":1,"total_star":5,"lesson_id":"67_15"},{"status":2,"level_id":67,"uid":1,"total_star":5,"lesson_id":"67_16"},{"status":2,"level_id":67,"uid":1,"total_star":5,"lesson_id":"67_17"},{"status":2,"level_id":67,"uid":1,"total_star":5,"lesson_id":"67_18"}],"sticker_user":[{"id":1,"done":1,"sticker_id":11,"is_reset":24,"user_id":1,"ccbi":"farm.plist","reset_done":0,"weight":1,"key":"1_11","show_item":24,"folder":"farm"},{"folder":"halloween","show_item":1,"ccbi":"halloween.plist","weight":21,"reset_done":0,"key":"1_30","is_reset":0,"user_id":1,"sticker_id":30,"done":0,"id":2},{"id":4,"done":1,"sticker_id":9,"is_reset":23,"user_id":1,"ccbi":"beach.ccbi","weight":5,"reset_done":0,"key":"1_9","folder":"beach","show_item":23}],"sticker_move":[{"zindex":29,"py":382.0,"sticker_name":"farm_1","sticker_id":1,"px":705.0,"uid":1,"id":18},{"zindex":41,"py":262.0,"sticker_name":"farm_4","sticker_id":1,"px":962.0,"uid":1,"id":30},{"zindex":42,"py":542.0,"sticker_name":"farm_5","sticker_id":1,"px":1006.0,"uid":1,"id":31},{"zindex":43,"py":526.0,"sticker_name":"farm_6","sticker_id":1,"px":938.0,"uid":1,"id":32},{"zindex":49,"py":692.0,"sticker_name":"farm_8","sticker_id":1,"px":728.0,"uid":1,"id":38},{"zindex":64,"py":372.0,"sticker_name":"farm_10","sticker_id":1,"px":990.0,"uid":1,"id":53},{"zindex":70,"py":126.0,"sticker_name":"farm_11","sticker_id":1,"px":950.0,"uid":1,"id":59},{"zindex":74,"py":102.0,"sticker_name":"farm_12","sticker_id":1,"px":264.0,"uid":1,"id":63},{"zindex":77,"py":590.0,"sticker_name":"farm_13","sticker_id":1,"px":587.0,"uid":1,"id":66},{"zindex":81,"py":596.0,"sticker_name":"farm_14","sticker_id":1,"px":1108.0,"uid":1,"id":70},{"zindex":82,"py":264.0,"sticker_name":"farm_15","sticker_id":1,"px":658.0,"uid":1,"id":71},{"zindex":83,"py":446.0,"sticker_name":"farm_16","sticker_id":1,"px":354.0,"uid":1,"id":72},{"zindex":84,"py":306.0,"sticker_name":"farm_17","sticker_id":1,"px":900.0,"uid":1,"id":73},{"zindex":85,"py":106.0,"sticker_name":"farm_18","sticker_id":1,"px":486.0,"uid":1,"id":74},{"zindex":86,"py":322.0,"sticker_name":"farm_19","sticker_id":1,"px":1122.0,"uid":1,"id":75},{"zindex":87,"py":372.0,"sticker_name":"farm_20","sticker_id":1,"px":240.0,"uid":1,"id":76},{"zindex":88,"py":586.0,"sticker_name":"farm_22","sticker_id":1,"px":242.0,"uid":1,"id":77},{"zindex":90,"py":422.0,"sticker_name":"farm_21","sticker_id":1,"px":458.0,"uid":1,"id":79},{"zindex":93,"py":674.0,"sticker_name":"farm_3","sticker_id":1,"px":939.0,"uid":1,"id":82},{"zindex":99,"py":67.0,"sticker_name":"farm_9","sticker_id":1,"px":1169.0,"uid":1,"id":88},{"zindex":101,"py":130.0,"sticker_name":"farm_24","sticker_id":1,"px":848.0,"uid":1,"id":90},{"zindex":102,"py":506.0,"sticker_name":"farm_2","sticker_id":1,"px":966.0,"uid":1,"id":91},{"zindex":103,"py":358.0,"sticker_name":"farm_7","sticker_id":1,"px":1029.0,"uid":1,"id":92},{"zindex":105,"py":564.0,"sticker_name":"farm_23","sticker_id":1,"px":343.0,"uid":1,"id":94},{"zindex":50,"py":212.0,"sticker_name":"beach_14","sticker_id":4,"px":878.0,"uid":1,"id":143},{"zindex":51,"py":114.0,"sticker_name":"beach_15","sticker_id":4,"px":518.0,"uid":1,"id":144},{"zindex":54,"py":186.0,"sticker_name":"beach_18","sticker_id":4,"px":690.0,"uid":1,"id":147},{"zindex":58,"py":212.0,"sticker_name":"beach_22","sticker_id":4,"px":760.0,"uid":1,"id":151},{"zindex":75,"py":188.0,"sticker_name":"beach_10","sticker_id":4,"px":475.0,"uid":1,"id":168},{"zindex":80,"py":353.0,"sticker_name":"beach_11","sticker_id":4,"px":1170.0,"uid":1,"id":173},{"zindex":86,"py":610.0,"sticker_name":"beach_1","sticker_id":4,"px":959.0,"uid":1,"id":179},{"zindex":95,"py":446.0,"sticker_name":"beach_9","sticker_id":4,"px":982.0,"uid":1,"id":188},{"zindex":118,"py":210.0,"sticker_name":"beach_17","sticker_id":4,"px":554.0,"uid":1,"id":210},{"zindex":124,"py":110.0,"sticker_name":"beach_16","sticker_id":4,"px":795.0,"uid":1,"id":216},{"zindex":125,"py":95.0,"sticker_name":"beach_20","sticker_id":4,"px":783.0,"uid":1,"id":217},{"zindex":127,"py":232.0,"sticker_name":"beach_6","sticker_id":4,"px":269.0,"uid":1,"id":219},{"zindex":129,"py":284.0,"sticker_name":"beach_12","sticker_id":4,"px":635.0,"uid":1,"id":221},{"zindex":130,"py":300.0,"sticker_name":"beach_21","sticker_id":4,"px":419.0,"uid":1,"id":222},{"zindex":138,"py":588.0,"sticker_name":"beach_5","sticker_id":4,"px":376.0,"uid":1,"id":230},{"zindex":144,"py":475.0,"sticker_name":"beach_3","sticker_id":4,"px":1066.0,"uid":1,"id":236},{"zindex":150,"py":535.0,"sticker_name":"beach_2","sticker_id":4,"px":747.0,"uid":1,"id":242},{"zindex":159,"py":119.0,"sticker_name":"beach_7","sticker_id":4,"px":254.0,"uid":1,"id":251},{"zindex":160,"py":117.0,"sticker_name":"beach_8","sticker_id":4,"px":642.0,"uid":1,"id":252},{"zindex":165,"py":361.0,"sticker_name":"beach_4","sticker_id":4,"px":979.0,"uid":1,"id":257},{"zindex":167,"py":221.0,"sticker_name":"beach_19","sticker_id":4,"px":943.0,"uid":1,"id":259},{"zindex":168,"py":136.0,"sticker_name":"beach_13","sticker_id":4,"px":897.0,"uid":1,"id":260},{"zindex":170,"py":366.0,"sticker_name":"beach_23","sticker_id":4,"px":549.0,"uid":1,"id":262},{"zindex":7,"py":40.0,"sticker_name":"halloween_1","sticker_id":2,"px":827.0,"uid":1,"id":269}],"user_default":[{"mj_value":"[\"com.earlystart.xmas.unlock\",\"com.earlystart.aquarium.unlock\",\"com.earlystart.atthepark.unlock\",\"com.earlystart.city1.unlock\",\"com.earlystart.city2.unlock\",\"com.earlystart.farmanimal.unlock\",\"com.earlystart.jungle.unlock\",\"com.earlystart.jurassic.unlock\",\"com.earlystart.monsterland.unlock\",\"com.earlystart.robot.unlock\",\"com.earlystart.food.unlock\",\"com.earlystart.zoo.unlock\",\"com.earlystart.lab.unlock\",\"com.earlystart.arctic.unlock\",\"com.earlystart.circus.unlock\",\"com.earlystart.insects.unlock\"]","mj_key":"sticker_paid"},{"mj_value":"1","mj_key":"languageCode"},{"mj_value":"85","mj_key":"level_Chosen"},{"mj_value”:"1",”mj_key":"edu_current_user"},{"mj_value":"1","mj_key":"choose_language_done"},{"mj_value":"1","mj_key":"isCollectedUserInfo"},{"mj_value":"1","mj_key":"is_onboard_done_mj"}]}